Year,"World population 
(Billions)","Global GHG emissions
(Billion t CO2e)","Global electricity
consumption (TWh)","Electricity footprint 
of ICT
(TWh)","ICT GHG Emissions 
(Mt CO2e)","Embodied carbon
(Mt CO2e)","Embodied carbon
emission of Network
(Mt CO2e)","Embodied carbon
emission of
Enterprise Network
(Mt CO2e)","Embodied carbon
emission of Data center
(Mt CO2e)","Embodied carbon
emission of ICT Devices
(Mt CO2e)","Footprint from use
(Mt CO2e)","Use stage carbon
emission of Network
(Mt CO2e)","Use stage carbon
emission of
Enterprise Network
(Mt CO2e)","Use stage carbon
emission of Data center
(Mt CO2e)","Use stage carbon
emission of ICT Devices
(Mt CO2e)","Network emission 
(Mt CO2e)","Enterprise network 
emission (Mt CO2e)","Enterprise Network
Electricity Usage 
(TWh)","WLAN Access 
Points
Installed base
(Millions)","Switches/Routers 
Ports
Installed base
(Millions)","Enterprise 
Small Cells
Installed base
(Millions)","WLAN Access 
Points
Shipments
(Millions)","Switches/Routers 
Ports
Shipments
(Millions)","Enterprise 
Small Cells
Shipments
(Millions)","Network
Electricity Usage 
(TWh)","Fixed Acess network
Subscriber Numbers
(Billions)","Mobile network
Subscriber number
(Billions)","Mobile Network's 
Electricity Usage
(TWh)","Mobile + 
Voice Traffic 
(ZettaBytes/year)","Fixed access wired
Electricity Usage
(TWh)","Fixed data 
traffic wired
(ZettaByte)","Fixed access Wi-Fi
Electricity Usage
(TWh)","Fixed data traffic 
in Wi-Fi 
(ZettaByte)","Data Center
Carbon footprint
(Mt CO2e)","Servers shipped/produced 
globally per year 
(In Millions)","Installed & active servers 
per year (Millions)","Data Center 
Electricity use 
(TWh)","Global Data Centre 
IP Traffic 
(ZettaBytes/year)","Computations 
(Zettabits)","ICT Devices
Carbon footprint
(Mt CO2e) ","Laptop shipments
worldwide (Millions)","Laptops worldwide 
installed base
(in millions)","Laptop
Energy demand
yearly TEC (kWh)","Emissions per 
laptop
(kg CO2 e/yr)","PC shipments
worldwide (Millions)","Desktop PCs worldwide 
installed base
(in millions)","Desktop PC
Energy demand
yearly TEC (kWh)","Emissions per 
PC
(kg CO2 e/yr)","Mobile Phone shipments 
Global (Millions)","Smartphones worldwide 
installed base
(in millions)","Smartphone
Energy demand
yearly TEC (kWh)","Emissions per 
Smartphone
(kg CO2 e/yr)","Tablets shipments 
Global (Millions)","Tablets worldwide 
installed base
(in millions)","Tablet
Energy demand
yearly TEC (kWh)","Emissions per 
Tablet
(kg CO2 e/yr)","ICT Devices total
Electricity Usage 
(TWh)","Devices power use
Electricity Usage
(TWh)","Devices used
in billions","Production of 
ICT hardware
Electricity use
(TWh)","Devices produced
in billions"
2000,6.15,40.77,13261,587.3556207,557.0727671,114.615323,48.97315727,2.04,24.90344,38.6987257,442.4574441,82.62068175,11.3010428,71.063089,277.4726305,131.593839,13.3410428,21.00565577,40.81543,217.480809,1.519566,0.37224067,31.48745697,0.400953,141.894855,1.77161196,5.494436,83.737788,0.000087,75.86595155,0.034073,13.129959,0.009618,95.966529,5.863487,24.923973,186.45511,0.126437,0.540284,316.1713562,78.69004,281.603925,20.814829,253.357227,255.651535,580.815999,223.320438,788.844221,168.701005,62.336475,3.801154,65.989935,81.52364,15.405794,13.393554,124.913728,238,37.5785407,4.040328,201.7824134,0.882431
2001,6.23,40.61,13393,599.2775028,554.0266667,111.0661505,48.02183805,2.04,25.20011,35.80420243,442.9605162,86.07175932,11.32458072,71.875674,273.6885022,134.0935974,13.36458072,21.04940654,43.559894,238.12884,1.709758,0.90541219,35.72687364,0.438954,148.2371723,1.7733771,5.531093,87.933796,0.000139,81.00006496,0.042968,14.611116,0.012756,97.075784,6.092991,25.885307,186.990924,0.160562,0.708017,309.4927046,84.970648,307.620789,21.043567,255.325767,248.985903,598.8077,223.316241,788.841729,187.763344,77.403497,3.732807,66.055624,83.797643,18.332516,13.503349,124.731828,243,42.36975564,4.385392,201.6214476,0.974952
2002,6.31,41.55,13839,810,530,110,47,2.04,28,33,430,90.65,11.34855301,58,270,151,13.38855301,21.0939647,46.488898,260.737233,1.923755,1.48909336,40.3679087,0.480555,178,1.77514223,5.567994,92.340063,0.000222,86.48162172,0.054185,16.259358,0.016919,76,6.331478,26.883721,152,0.203897,0.927822,303,91.752541,333.637654,21.453617,258.920899,242.246054,617.356722,223.305475,788.836398,208.979629,96.112291,3.60185,66.040707,86.135077,21.815243,13.614044,124.189902,480,47.57014775,4.759925,201.4436044,1.077174
2003,6.39,43.61,14384,623.6667391,554.5443058,104.7357049,45.77868775,2.04,25.217948,31.69906914,449.8086009,95.04170908,11.37299518,76.937541,266.4563557,140.8203968,13.41299518,21.13939625,49.61485,285.492109,2.164537,2.12811067,45.448939,0.5261,162.9657579,1.77690737,5.605142,96.967122,0.000353,92.33413453,0.068329,18.093534,0.02244,102.155489,6.5793,27.920645,185.561585,0.258927,1.215866,298.1554248,99.075728,359.654519,22.10245,264.751605,237.054429,636.48033,223.283886,788.832347,232.593244,119.343088,3.388189,65.707053,88.537711,25.959602,13.725646,122.79576,254,53.21469336,5.166446,201.2471159,1.190113
2004,6.48,44.33,15027,637.4192819,559.735274,105.8082437,44.63092653,2.04,25.56207,33.57524718,453.9270303,99.56697567,11.39794579,79.933015,263.0290939,144.1979022,13.43794579,21.18577285,52.950994,312.597259,2.435455,2.82768345,51.01146511,0.575961,171.5000731,1.77889314,5.642537,101.826039,0.000562,98.58270728,0.086166,20.134618,0.029763,105.495085,6.836821,28.997563,184.733436,0.328811,1.593334,296.604341,106.983411,385.671383,22.991082,273.046619,235.370401,656.196322,223.257446,788.862496,258.875075,148.18888,3.096927,64.641446,91.007363,30.891288,13.838163,119.737517,260,59.34129853,5.607685,201.0300251,1.314894
2005,6.56,44.95,15681,651.5077303,573.8774421,111.6136422,43.49274984,2.04,25.884941,40.19595133,462.2638,104.1498442,11.42344673,83.257446,263.433063,147.642594,13.46344673,21.23317237,56.511464,342.275822,2.740282,3.59356417,57.10122691,0.630548,180.9266839,1.78065828,5.680182,106.92843,0.000895,105.2541427,0.108659,22.405952,0.039475,109.142387,6.2,26.2,184.347874,0.417556,2.087987,303.6290144,115.522242,411.688248,23.99973,283.165768,239.097541,639.355,223.277547,789.057822,288.126617,184.006836,2.77219,62.40234,93.545903,36.759873,13.951602,114.126165,265,65.99116007,6.086609,200.7901745,1.452757
2006,6.64,46.47,16327,670.2218988,579.008513,114.1866753,42.25903216,2.04,26.184084,43.70355909,464.8218377,109.2598709,11.44954352,86.904716,257.2077073,151.518903,13.48954352,21.2816794,60.311342,374.772122,3.083261,4.43202447,63.76809201,0.690308,191.3413414,1.78242341,5.718079,112.286497,0.001424,112.3770575,0.137024,24.93351,0.052357,113.0888,6.9,29.3,184.598878,0.530252,2.736206,300.9112664,124.742596,437.705113,24.849015,293.338207,239.21,685.619,223.518911,789.798737,320.683432,228.482164,2.485894,58.896718,96.155253,43.743345,14.065971,105.745522,273,73.20894603,6.606435,200.5251737,1.605076
2007,6.73,46.78,17133,643,620,143.6146238,41.03797072,1.5,25.59249,75.48416312,471.5147306,114.2081394,15.5,90.60751,251.1990811,307.1,17,29,64.366728,410.353681,3.469169,5.3499533,71.06683669,0.755732,203,1.78440919,5.756228,117.91305,0.002268,119.9820047,0.172793,27.746194,0.069442,116.2,7.8,32.7,180,0.673365,3.585667,326.5167911,134.698868,463.721977,25.166719,301.251707,272.45,727.826,224.399458,791.954387,356.918998,283.707389,2.306947,54.740072,98.837387,52.053504,14.181278,95.95671,260,60,7.170656,200.2323887,1.773365
2008,6.81,47.58,17443,736,676.2269222,154.1519389,39.8041581,2.04,17.887658,94.42012282,522.0749833,119.3101749,11.5037269,146.090874,245.1702075,159.114333,13.5437269,21.382392,68.694801,449.31342,3.903377,6.35487098,79.05725747,0.827356,219,1.78617433,5.794631,123.821544,0.003612,128.1016052,0.2179,30.876171,0.092103,163.978532,9.1,35,254,0.855103,4.698844,339.5903303,145.449795,489.738842,24.699925,305.823796,290.8,769.155,226.68543,797.108967,397.248995,237,2.277172,51.159705,101.594337,61.94239,14.29753,87.787094,263,64,7.783065,199.9089071,1.959298
2009,6.9,47.49,17353,742.6272673,638.6269201,163.1569448,38.56365245,2.38,23.872507,98.34078533,475.4699753,124.0254493,11.53192584,100.695112,239.2174882,162.5891017,13.91192584,21.43480639,73.313897,491.972068,4.391932,7.45504145,87.80506358,0.905769,229.6350819,1.7881601,5.833291,130.026106,0.005751,136.7706874,0.274781,34.359231,0.122158,124.567619,7.6,37,194.557379,1.085892,6.157608,337.5582736,157.058803,515.755707,25.75,350,308.34,789.861,248.2,851,173.5,304,2.1,55,104.428188,73.70992,14.414735,84.956278,297,98.77597273,8.447776,199.5515086,2.164726
2010,6.99,49.42,18753,652.1858405,720,194.8764166,43.5437572,2.9,24.076023,124.3566364,521.8962834,165.5814284,11.56094617,109.865509,234.8883998,144,14.46094617,21.48874753,78.243585,538.680807,4.941636,8.65947228,97.38187695,0.991613,185,1.74,4.97,204,0.023,162,0.325,42,0.118,133.941532,8.9,39,196.697093,1.403,8.069249,359.2450362,169.594378,541.772571,20.28,330,350.9,812.472,262.8,887,304.7,431,2.59,45,19,87.712991,14.5329,91.003909,249,108.7937391,9.169257,141,2.817
2011,7.07,50.94,19444,792,731,208,30.73,3.5,13.17,160.6,520,162.2,6,142.2,209.3,190.5,9.5,11,83.50475,589.824161,5.560142,9.97805492,107.8663479,1.085593,220,1.79191101,5.98,200,0.025,178,0.39,46,0.154,160,9.5,40,237,1.843,10.574362,369.9,176,689,22.31,332.38,365.36,823.51,277.4,924,494.5,687,5.45,32.9,76,70,15.6,97.5,335,186,9.952356,149,3.026
2012,7.16,51.71,19924,909,808.5195876,228.8950994,30.03071287,2.9,19.422555,176.5418315,579.6244882,165.7966842,11.6217346,165.754559,236.4515105,195.827397,14.5217346,21.60173717,89.119679,645.823159,6.256061,11.42162091,119.3446012,1.188481,334,1.79389679,6.01,197,0.03,196,0.47,51,0.2,185.177114,9.7,41,268,2.662,13.857192,412.993342,195.777778,593.806301,14.19,340,351.06,837.174,233.6,814,725.3,1031,2.63,75,145,114.132124,12.65,130,307,144,10.802335,163,3.176
2013,7.25,51.46,20578,1032.505038,777.1203066,238.419262,30.17658526,2.9,20.188195,185.1544818,538.7010446,163.5893588,11.65366051,149.098571,214.3594542,193.7659441,14.55366051,21.66107901,95.112162,707.138806,7.039083,13.2,131.9105709,1.301119,454,1.79588257,6.05,181,0.038,213,0.568,60,0.26,169.286766,9.9,42,239.843959,3.174,18.159183,399.513936,215.555556,664.14,21.9,360,316.46,854.858,292,960,1018.7,1457,2.85,65,219.9,159.839378,16.01,210,317,144.278949,11.724907,173,3.382
2014,7.34,52.16,20987,1086.483837,788.7212435,250.1595311,29.83562957,2.975,21.370236,195.9786655,538.5617124,160.8704846,11.68672466,155.136144,210.8683591,190.7061142,14.66172466,21.72253654,101.507583,774.275874,7.92011,14.73212201,145.6674507,1.424432,470,1.79786834,6.09,167,0.052,233,0.689,70,0.338,176.50638,10.1,43,250.7613,3.905,23.796735,406.8470246,235.333333,628.31,34.88,480,313.68,874.692,248.2,851,1301.7,1850,3.3,95,230.1,205.546632,11.81,170,344,158.182878,12.72627,186,3.512
2015,7.43,52.56,21405,810,745,235,17,2.975,20,195,510,148.28,11.72102483,145,205,180,14.69602483,21.78629151,108.333039,847.78706,8.911408,14.38932981,142.9418006,1.4,247,1.85,7.1,152,0.075,256,0.839,82,0.439,165,11.1,45,220,4.803,31.184475,400,255.111111,589.23,18.25,480,287.68,896.053,321.2,1033,1437.2,2222,3.13,54,208,251.253886,18.86,270,343,141,13.813155,202,4.079
2016,7.51,51.55,22028,1213.488281,778.7006785,223.9695601,29.14428689,3.175,22.938601,168.7116722,554.7311184,154.8702981,11.75666765,166.168795,221.9353576,184.014585,14.93166765,21.85254211,115.617443,928.277533,10.026779,19.38142366,182.63553,1.755804,521,1.80161926,6.16,136,0.108,286,1.043,99,0.585,189.107396,11.1,46,271.635739,5.907,40.865752,390.6470299,274.888889,577,16.79,430,269.72,865.41332,219,778,1473.4,2562,3.58,56,174.9,296.96114,13.43,146,399,189.654572,14.992866,210,4.288
2017,7.6,52.25,22722,1279.444962,746.5934491,195.0382239,28.61213366,3.07,23.621309,139.7347812,551.5552252,152.5196825,11.79376949,169.330885,217.9108882,181.1318162,14.86376949,21.92150464,123.391658,1016.409921,11.281752,22.05262685,203.875118,1.94619,551,1.80360503,6.2,120,0.153,316,1.283,115,0.761,192.952194,11.5,47,279.523457,7.266,53.5526,357.6456694,294.666667,621,22.1,302,262.68,779.14506,262.8,887,1465.5,2890,3.33,79,163.8,342.668394,16,152,427,207.4338055,16.273329,220,4.518
2018,7.68,52.82,23536,836,705,188.1666699,32.61651577,3.07,28.648239,123.8319151,473.0412483,145.3156868,11.83245735,100.351761,215.5413432,173,16,21.99341515,131.688617,1112.909762,12.693801,25.01131417,227.4005839,2.157066,362,1.80537017,6.24,122,0.25,173,5,67,5,129,11.8,48,211,9,83,337.5824776,314.444444,796.1,17.98,176,259.76,566.52492,204.4,741,1404.9,3353.112285,4.84,92,146.2,388.375648,27,102,474,245.2936426,19,229,5
2019,7.76,53.46,23921,998.0685314,685.2728998,197.3549927,31.83300419,3.07,29.37759,133.0743985,487.9179072,149.7292955,11.8728699,102.487185,223.8285568,181.5622996,14.9428699,22.06853141,140.54347,1218.571476,14.282584,25,235.3140278,2.228,368,1.8071353,6.27,127,0.44,172,5,69,6,131.864775,11.8,49,208,11,102,356.9029553,334.222222,781,16.78,176,262.55,552,219,778,1372.6,4402,7,96,144.1,424,13.79,158,400,259.1786464,20,241,5.5
2020,7.84,51.46,23966,859,763,272,31,3,30,208,491,155,13,95,228,186,16,25,150,1300,10,30,250,2.455,379,1.80890044,6.3,136,0.77,171,5.5,72,7,125,12.2,50,207,13,127,436,354,796,20.59,200,309.08,522,87.6,449,1281.2,4287,8,85,149.6,479,14.26,178,522,273.0636501,21,249,6
2021,7.91,53.45,25343,1093.237097,751.8076087,290.7048428,32.27643503,3.07,31.057475,224.3009328,461.1027659,145.3140733,11.96355825,81.980998,221.8441364,177.5905084,15.03355825,22.23709711,160,1500,18.8526194,31.8291918,292.25,2.643,354,1.81044493,6.33,108,0.94,171,6,75,8,113.038473,12.987,50.75447888,202,16,155,446.1450691,383.4041516,866,17.7,349,341.73,495,189.8,704,1354.8,4328,8,81,171,535,13.39,131,515,286.9486539,22,229,6.5
2022,7.98,53.85,25530,1213.316607,686.7430506,208.3980623,29.45239635,3.07,30.541391,145.3342749,478.3449883,160.9901899,12.00633453,90.757907,214.5905569,190.4425863,15.07633453,22.31660693,171,1579.879812,21.3237299,35.29471546,309.1671854,2.89,427,1.81198942,6.36,130,2,204,7,93,9,121.299298,13.611,51.58291494,239,20,193,359.9248318,418.9255011,929,22.26,147,284.05,470,277.4,924,1205.5,4452,7,80,161.61,571,13.79,156,525,314.7186614,24,211,7
2023,8.05,60.3,29035,1373.438411,691.0703387,173.0628886,24.81843347,3.07,27.357922,117.8165331,518.0074501,188.6988891,12.07186512,124.81755,192.4191459,213.5173226,15.14186512,22.438411,182.5,1883.19621,27.07631506,43.36223006,373.3145654,3.465,526,1.81353392,6.39,168,3,244,8,114,10,152.175472,13.814,52.51243517,287,26,244,310.235679,459.3141076,879.683616,26.97,139,241.89,679.888665,175.2,668,1166.9,4259.943371,8,87,142.3,619.4450689,15.33,125,538,342.4886689,26,196,7.5
2024,8.12,61.7,30158,1581.524164,800.5148174,230.8378426,19.29069003,3.07,28.718753,179.7583996,569.6769748,222.4212709,12.11800004,139.554873,195.5828309,241.7119609,15.18800004,22.52416364,194.5,1996.610168,29.22728169,46.37877899,397.3001075,3.68,656,1.81507841,6.42,223,5,292,10,141,11,168.273626,14.416,53.21082343,347,33,311,375.3412305,502.6267496,905.674798,16.63,170,334.9658542,678.392737,219.199918,777.551207,918.8296904,4485.617301,6.284063,83.269745,142.7,671.0718306,19.44,107,556,370.2586764,28,186,8
2025,8.19,63.1,31375,1409.046964,781.5932659,219.2338325,23.18912658,3.07,29.64806,163.3266459,562.3594335,198.143609,12.16074372,158.25788,193.7972007,221.3327356,15.23074372,22.60361285,207.5,2065.186049,30.52786616,48.20273882,411.8029934,3.81,538.363593,1.8166229,6.45,172.061358,9,270.164528,12,114.716484,12,187.90594,15.08,53.90403968,275.079758,43,404,357.1238466,546.5159816,931.66598,20.266942,255.401065,303.7052557,676.896809,218.292695,775.21818,773.7228414,4711.291231,6.455911,84.486213,143.4,722.8129595,16.846755,155.581369,573,406.2498882,30,166.0505024,9
2026,8.26,64.6,32693,1443.368743,783.6143376,197.6588973,22.39522112,3.07,30.509363,141.6843132,585.9554403,203.5061034,12.21322298,179.601936,190.6341779,225.9013246,15.28322298,22.70115795,221.5,2107.386592,38.3,49.32517563,420.7278463,3.89,555.528482,1.8181674,6.48,174.759061,17,277.704108,14,119.176061,13,210.111299,15.84,54.64585375,279.139103,57,535,332.3184911,588.7046227,957.657161,20.156765,252.738496,280.4114077,675.400881,217.385472,772.885153,679.5320086,4936.965161,6.627759,85.70268,143.6,777.0604034,16.989186,157.3078,586,434.7818111,32,150.3052272,10
2027,8.34,66.2,34150,1485.707014,824.3642924,210.2449711,21.49816965,3.07,31.130908,154.5458934,614.1193213,209.0353508,12.27457474,205.348063,187.4613328,230.5335205,15.34457474,22.81519469,236.5,2416.691908,38.2225919,64.43027387,486.1418027,4.57912678,572.693371,1.81993253,6.52,177.456764,30,285.243687,16,123.635637,14,236.478971,16.619,55.27491155,283.198448,78,733,342.0072262,627.6975265,983.648343,20.046589,250.075927,298.4644119,673.904953,216.47825,770.552126,604.4786455,5162.639091,6.799606,86.919148,135.9,833.4623957,17.131617,159.03423,607,466.892746,35,139.6018155,12.5
2028,8.41,67.9,35767,1536.098864,861.2269711,212.1740636,20.79679038,3.07,31.401916,156.9053572,649.0529075,215.03738,12.3647516,237.373183,184.2775929,235.8341704,15.4347516,22.98280967,252.5,2973.563596,43.66037129,66.59579176,603.9127508,5.12266035,589.85826,1.82147702,6.55,180.154467,54,292.783266,18,128.095214,16,268.775099,16.74062257,55.87819303,287.257794,110,1039,341.1829501,663.7962899,1009.639525,19.936412,247.413358,301.7541794,672.409025,215.571027,768.219099,543.8305246,5388.31302,6.971454,88.135615,135.8,892.2524195,17.274048,160.76066,636,499.4084334,38,136.3616083,16
2029,8.48,69.7,37571,1602.437589,897.1190884,206.3496928,20.15350473,3.07,31.201595,151.924593,690.7693956,221.4663651,12.42634808,275.794798,181.0818844,241.6198698,15.49634808,23.09730126,269.5,3119.221753,49.73991488,75.16378208,634.7175118,5.7303415,607.023149,1.82302152,6.58,182.85217,97,300.322845,21,132.554791,18,306.996393,17.39284582,56.48143729,291.317139,162,1531,333.0064775,704.031818,1035.630706,19.826235,244.750788,288.7525881,670.913098,214.663804,765.886072,526.5971294,5613.98695,7.143302,89.352083,158.0213711,953.6667657,17.416479,162.48709,681,534.0988443,46,146.2975408,20
2030,8.55,71.7,39594,1685.782717,954.7255498,214.7444108,19.78749098,3.07,30.458857,161.4280628,739.981139,229.1928326,12.49138936,320.420884,177.876033,248.9803236,15.56138936,23.21819584,287.5,3319.472983,54.56408192,81.65833447,677.0679808,6.21254141,624.188037,1.82456601,6.61,185.549873,174,307.862424,25,137.014368,22,350.879741,17.99296806,57.03459423,295.376484,249,2347,339.3040958,753.7039403,1061.621888,19.716059,242.088219,297.4566249,669.41717,213.756582,763.553045,513.7886066,5839.66088,7.31515,90.56855,158.9659981,1017.305002,17.55891,164.213521,743,577.2222296,54,164.9880395,27
2031,8.691935,73.95816525,40521.75049,1773.090458,983.8999736,218.7969552,16.3298102,3.07,30.100252,169.296893,765.1030185,228.4687209,12.53631555,349.439052,174.6589301,244.7985311,15.60631555,23.30170177,307,3307.267928,55.556491,89.55678104,674.4867742,6.31173772,641.352926,1.829303,6.726749,188.247576,47.357815,315.402003,15.630629,141.473945,14.974932,379.5393039,18.70777916,57.5710304,299.43583,93.757917,884.199331,343.955823,816.5316405,1087.61307,19.605882,239.42565,304.3333505,667.921242,212.849359,761.220017,512.0988477,6065.33481,7.486998,91.785018,156.1084072,1083.410478,17.701341,165.939951,809,621.3081812,65.86454203,186.7548004,36.58083327
2032,8.773246,76.38624045,40597.27042,1864.457037,984.5884773,205.7620001,15.27651263,3.07,30.412938,157.0025495,778.8264773,233.1711163,12.61289752,361.61256,171.4299035,248.4476289,15.68289752,23.44404743,327.5,3655.603089,58.52439575,90.99879498,748.155023,6.60839482,658.517815,1.831197,6.766761,190.945279,49.523486,322.941583,16.286366,145.933521,15.599732,392.0254979,19.19004529,58.07865467,303.495175,97.878666,923.275678,328.432453,893.341119,1113.604251,19.495706,236.763081,286.8380708,666.425314,211.942136,758.88699,517.5173075,6291.00874,7.658846,93.001486,153.9193557,1152.130298,17.843772,167.666381,879,669.901619,78.59915505,208.4896552,50.78895054
2033,8.854556,78.96789585,42734.64464,1957.875939,983.4588124,205.1188366,14.13679718,3.07,31.393948,156.5180914,778.339975,238.8778681,12.71762862,358.55558,168.1888984,253.0146652,15.78762862,23.63871491,349.5,4226.699301,67.33047012,106.1973914,868.9342686,7.48860652,675.682704,1.833092,6.806772,193.642982,51.689157,330.481162,16.942103,150.393098,16.224533,389.9495288,19.80427993,58.55391583,307.55452,101.999415,962.352025,324.7069898,981.3868289,1139.595433,19.385529,234.100512,281.3278419,664.929386,211.034914,756.553963,540.8575117,6516.68267,7.830694,94.217953,154.3641762,1223.476768,17.986203,169.392811,951,719.6424531,97.2295931,230.6805106,72.53731142
2034,8.935867,81.68860916,44179.48227,2047.348636,1004.931162,225.0107252,13.01270905,3.07,32.270396,176.6576202,779.9204372,244.3238138,12.85130173,357.809853,164.9354687,257.3365228,15.92130173,23.88717793,373,5002.009285,83.34036353,132.1013333,1032.902008,9.08887639,692.847593,1.834986,6.846783,196.340685,53.854829,338.020741,17.59784,154.852675,16.849333,390.080249,20.5294902,59.01681562,311.613865,106.120164,1001.428372,341.5930889,1074.695844,1165.586615,19.275353,231.437943,299.6328433,663.433458,210.127691,754.220936,571.2881652,6742.3566,8.002542,95.434421,153.8994896,1297.547093,18.128635,171.119242,1019,769.5638683,121.2991403,249.2333438,103.8199677
2035,9.017177,84.59874882,46343.0308,2134.774153,1009.88743,232.8776895,11.84879917,3.07,33.346269,184.6126214,777.009741,250.1743064,12.95959159,352.206686,161.6691571,262.0231056,16.02959159,24.0884602,398,5611.263878,90.05291899,128.8959504,1161.751243,9.75983028,710.012482,1.836881,6.886795,199.038388,56.0205,345.56032,18.253577,159.312252,17.474133,385.5529548,21.14264292,59.44978801,315.673211,110.240913,1040.504719,346.2817784,1165.734718,1191.577796,19.165176,228.775374,303.1359045,661.937531,209.220468,751.887909,618.1418901,6968.030529,8.17439,96.650888,152.7723384,1374.442473,18.271066,172.845672,1085,824.0978344,154.5994491,260.8413692,151.2373037
